SEQ677,MESKGASSCRLLFCLLISATVFRPGLGWYTVNSAYGDTIIIPCRLDVPQNLMFGKWKYEKPDGSPVFIAFRSSTKKSVQYDDVPEYKDRLNLSENYTLSISNARISDEKRFVCMLVTEDNVFEAPTIVKVFKQPSKPEIVSKALFLETEQLKKLGDCISEDSYPDGNITWYRNGKVLHPLEGAVVIIFKKEMDPVTQLYTMTSTLEYKTTKADIQMPFTCSVTYYGPSGQKTIHSEQAVFDIYYPTEQVTIQVLPPKNAIKEGDNITLKCLGNGNPPPEEFLFYLPGQPEGIRSSNTYTLTDVRRNATGDYKCSLIDKKSMIASTAITVHYLDLSLNPSGEVTRQIGDALPVSCTISASRNATVVWMKDNIRLRSSPSFSSLHYQDAGNYVCETALQEVEGLKKRESLTILVEGKPQIKMTKKTDPSGLSKTIICHVEGFPKPAIQWTITGSGSVINQTEESPYINGRYYSKIIISPEENVTLTCTAENQLERTVNSLNVSAISIPEHDEADEISDENREKVNDQAKLIVGIVVGLLLAALVAGVVYWLYMKKSKTASKHVNKDLGNMEENKKLEENNHKTEA,583,65101.5191000001,5.9165649414,0.0806174957,-0.3276157804,0.3070325901,0.2487135506,0.2246998285,0.1252144082,0.1217838765,0.6192109777,0,0.0497427101,0.06,0.06,0.0205831904,0.06,0.06,0.0737564322,0.02,0.02,0.0480274443,0.04,0.04,0.0548885077,0.08,0.08,0.0274442539,0.04,0.04,0.0720411664,0.08,0.08,0.0137221269,0,0,0.0789022298,0.02,0.02,0.0188679245,0.02,0.02,0.0823327616,0.14,0.14,0.0531732419,0.04,0.04,0.0325900515,0.02,0.02,0.0548885077,0.06,0.06,0.0857632933,0.1,0.1,0.0325900515,0.06,0.06,0.0754716981,0.06,0.06,0.0102915952,0.02,0.02,0.0720411664,0.06,0.06,0.0428816467,0.04,0.04
SEQ231,MPGPRVWGKYLWRSPHSKGCPGAMWWLLLWGVLQACPTRGSVLLAQELPQQLTSPGYPEPYGKGQESSTDIKAPEGFAVRLVFQDFDLEPSQDCAGDSVTISFVGSDPSQFCGQQGSPLGRPPGQREFVSSGRSLRLTFRTQPSSENKTAHLHKGFIALYQTVAVNYSQPISEASRGSEAINAPGDNPAKVQNHCQEPYYQAAAAGALTCATPGTWKDRQDGEEVLQCMPVCGRPVTPIAQNQTTLGSSRAKLGNFPWQAFTSIHGRGGGALLGDRWILTAAHTIYPKDSVSLRKNQSVNVFLGHTAIDEMLKLGNHPVHRVVVHPDYRQNESHNFSGDIALLELQHSIPLGPNVLPVCLPDNETLYRSGLLGYVSGFGMEMGWLTTELKYSRLPVAPREACNAWLQKRQRPEVFSDNMFCVGDETQRHSVCQGDSGSVYVVWDNHAHHWVATGIVSWGIGCGEGYDFYTKVLSYVDWIKGVMNGKN,487,53497.7256,6.7542114258,0.0944558522,-0.3630390144,0.2833675565,0.2936344969,0.2114989733,0.1170431211,0.0882956879,0.6119096509,0,0.0657084189,0.06,0.06,0.0266940452,0.04,0.04,0.045174538,0.02,0.02,0.0431211499,0,0,0.1026694045,0.12,0.12,0.0328542094,0,0,0.0308008214,0,0,0.0328542094,0.02,0.02,0.0349075975,0.04,0.04,0.0164271047,0.04,0.04,0.0841889117,0.16,0.16,0.0390143737,0,0,0.0595482546,0.08,0.08,0.0718685832,0.12,0.12,0.0800821355,0.06,0.06,0.0492813142,0.06,0.06,0.0492813142,0.02,0.02,0.0287474333,0.1,0.1,0.0739219713,0.06,0.06,0.0328542094,0.02,0.02
SEQ871,MDSRICTSFARLMASALCVSTLLVTAMPFDLRRGSSDTDLDLQGHVDLGLDDLDKLRILFPPGLIEEAFSQAQGKVDMPLPRQRTSSRSSERWAPKSKRFDFGFAGLDTYDAIHRALEQPARGTSNSGSGYNMLMKMQRHG,141,15653.6601,7.8300170898,0.0709219858,-0.3829787234,0.2482269504,0.2482269504,0.2765957447,0.1489361702,0.1205673759,0.5744680851,0,0.0780141844,0.08,0.08,0.0141843972,0.04,0.04,0.0283687943,0,0,0.0921985816,0.14,0.14,0.0780141844,0.06,0.06,0.0496453901,0.04,0.04,0.0283687943,0.02,0.02,0.0212765957,0.02,0.02,0.0354609929,0,0,0.0496453901,0.06,0.06,0.1205673759,0.18,0.18,0.0141843972,0,0,0.0425531915,0.02,0.02,0.0496453901,0.02,0.02,0.1063829787,0.12,0.12,0.0921985816,0.08,0.08,0.0496453901,0.08,0.08,0.0070921986,0,0,0.0283687943,0.06,0.06,0.0141843972,0,0
SEQ388,MCSLGLFPPPPPRGQVTLYEHNNELVTGSSYESPPPDFRGQWINVPVLQLTKDPLKTPGRLDHGTRTAFIHHREQVWKRCINIWRDVGLFGVLNEIANSEEEVFEWVKTASGWALALCRWASSLHGSLFPHLSLRSEDLIAEFAQVTNWSSCCLRVFAWHPHTNKFAVALLDDSVRVYNASSTIVPSLKHRLQRNVASLAWKPLSASVLAVACQSCILIWTLDPTSLSTRPSSGCAQVLSHPGHTPVTSLAWAPSGGRLLSASPVDAAIRVWDVSTETCVPLPWFRGGGVTNLLWSPDGSKILATTPSAVFRVWEAQMWTCERWPTLSGRCQTGCWSPDGSRLLFTVLGEPLIYSLSFPERCGEGKGCVGGAKSATIVADLSETTIQTPDGEERLGGEAHSMVWDPSGERLAVLMKGKPRVQDGKPVILLFRTRNSPVFELLPCGIIQGEPGAQPQLITFHPSFNKGALLSVGWSTGRIAHIPLYFVNAQFPRFSPVLGRAQEPPAGGGGSIHDLPLFTETSPTSAPWDPLPGPPPVLPHSPHSHL,546,59559.4055000001,7.2601928711,0.0860805861,-0.0833333333,0.3058608059,0.3021978022,0.2344322344,0.1135531136,0.0805860806,0.6135531136,0,0.0695970696,0,0,0.0274725275,0.02,0.02,0.0476190476,0.06,0.06,0.032967033,0.02,0.02,0.0824175824,0.08,0.08,0.0384615385,0.04,0.04,0.0384615385,0.02,0.02,0.032967033,0.02,0.02,0.0256410256,0,0,0.0073260073,0.02,0.02,0.1098901099,0.12,0.12,0.0256410256,0.06,0.06,0.0311355311,0.06,0.06,0.0970695971,0.18,0.18,0.0970695971,0.08,0.08,0.0549450549,0.04,0.04,0.0622710623,0.06,0.06,0.0384615385,0.02,0.02,0.0714285714,0.08,0.08,0.0091575092,0.04,0.04
SEQ122,MNPQIRNPMERMYRDTFYDNFENEPILYGRSYTWICYEVKIKRGRSNLLWDTGVFRGQVYFKPQYHAEMCFLSWFCGNQLPAYKCFQITWFVSWTPCPDCVAKLAEFLSEHPNVTITISAARLYYYWERDYRRALCRLSQAGARVTIMDYEEFAYCWENFVYNEGQQFMPWYKFDENYAFLHRTLKEILRYLMDPDTFTFNFNNDPLVLRRRQTYLCYEVERLDNGTWVLMDQHMGFLCNEAKNLLCGFYGRHAELRFLDLVPSLQLDPAQIYRVTWFISWSPCFSWGCAGEVRAFLQENTHVRLRIFAARIYDYDPLYKEALQMLRDAGAQISIMTYDEFEYCWDTFVYRQGCPFQPWDGLEEHSQALSGRLRAILQNQGN,382,45937.8370000001,5.7409057617,0.1806282723,-0.3706806283,0.3586387435,0.1780104712,0.2486910995,0.1204188482,0.1178010471,0.6204188482,0,0.0602094241,0,0,0.0392670157,0.02,0.02,0.0654450262,0.08,0.08,0.0523560209,0.06,0.06,0.0471204188,0.04,0.04,0.0706806283,0.04,0.04,0.0418848168,0.08,0.08,0.0183246073,0,0,0.0235602094,0.04,0.04,0.0287958115,0.06,0.06,0.0942408377,0.06,0.06,0.0497382199,0.1,0.1,0.0523560209,0.02,0.02,0.0445026178,0.06,0.06,0.0366492147,0.04,0.04,0.0785340314,0.12,0.12,0.0445026178,0.04,0.04,0.0366492147,0.04,0.04,0.0418848168,0.02,0.02,0.0732984293,0.1,0.1
SEQ758,MVRKSTRRTAKASEKPPETVVRCVCKSQEDIGDTWVQCDGCDCWQHASCVGIADKDIPESYYCEVCHSRSDVSSQVQNSPNKDEEHQTADLLASNEGNEKNNEENNVVSSDSKEAITKESGAELESSEPASTNSNVGMTTRSGRQSPRTPIGSTTPKSSHSPPSTRKRRGSVGTTATHTKRSKNAPKTSPKDASNETADQEKELSLHTSIDEIQNPVRKSVAKAWVSVFEKIIEKAKLEGVQGLEDLNSTSLALQLEHIMFMVLSYTTDHSLTPNNKYREKFRALRFNLVDDKNPAFRARVLKNEISFNDLVNLSSEEMANPDLKNLAEEIRQQSTENTVIKQHLIAPRDRLLDEDKLTQQDELGIAENDDAMFPKPPGELVAPISIAEEEPTIDSKSPTLPEHNPLSEDDTSNGDKAAKRKGSFNDTKPIVNVPSIVEIDDPTILDIVEEEPLARNDSFSSPYSPAEDMAEESEFFGMKEKIWTGKVKMATVSEFHANALNLFGDVSASHLFELISATALIEGRISVSSVLQYFHALRKTPSKEIIAVLFVPTEQNSQGFDILYDYFVKRNRYGVLHSKSNSVKDAYIIPMPSGNSVPELLDLLPKVDLPKDRNFQYFMGLFVLNKSSSRHESVERATPITTSTNGIPSTYQSASGTPTNPVHSYPSLESIINALTPSDMLLIKDVVENNPQIRANPSLAINPQFMQNAISAAQKKASKQ,721,79738.1150000004,5.299987793,0.0540915395,-0.614147018,0.2441054092,0.2801664355,0.2427184466,0.1345353675,0.1442441054,0.53259362,1,0.0693481276,0.06,0.06,0.0110957004,0.12,0.12,0.0832177531,0.06,0.06,0.0610263523,0.08,0.08,0.0360610264,0.06,0.06,0.0305131761,0,0,0.0554785021,0.02,0.02,0.0221914008,0.02,0.02,0.0693481276,0.08,0.08,0.0180305132,0.02,0.02,0.0721220527,0,0,0.0638002774,0,0,0.0360610264,0.06,0.06,0.0651872399,0.04,0.04,0.1151178918,0.08,0.08,0.0429958391,0.08,0.08,0.0624133148,0.08,0.08,0.0055478502,0.04,0.04,0.0624133148,0.12,0.12,0.0180305132,0,0
SEQ333,MPHSHPALTPEQKKELSDIAHRIVAPGKGILAADESTGSIAKRLQSIGTENTEENRRFYRQLLLTADDRVNPCIGGLIVFHETLYQKADDGRPFPQVIKSKGGVVGIKVDKGVVPLAGTNGETTTQGLDGLSERCAQYKKDGADFAKWRCVLKIGEHTPSALAIMENANVLARYASICQQNGIVPIVEPEILPDGDHDLKRCQYVTEKVLAAVYKALSDHHIYLEGTLLKPNMVTPGHACTQKYSHEEIAMATVTALRRTVPPAVTGVTFLSGGQSEEEASINLNAINKCPLLKPWALTFSYGRALQASALKAWGGKKENLKAAQEEYVKRALANSLACQGKYTPSGQAGAAASESLFISNHAY,364,39342.4291,8.3060913086,0.0604395604,-0.2763736264,0.2692307692,0.2307692308,0.2857142857,0.1428571429,0.1043956044,0.6620879121,0,0.1153846154,0.12,0.12,0.021978022,0,0,0.0659340659,0.08,0.08,0.0384615385,0.04,0.04,0.0824175824,0.08,0.08,0.0192307692,0,0,0.0549450549,0.1,0.1,0.0302197802,0.06,0.06,0.0714285714,0.08,0.08,0.010989011,0.02,0.02,0.0934065934,0.08,0.08,0.0384615385,0.02,0.02,0.043956044,0.04,0.04,0.0521978022,0.08,0.08,0.0576923077,0.1,0.1,0.0412087912,0.04,0.04,0.0604395604,0.06,0.06,0.0082417582,0,0,0.0604395604,0.02,0.02,0.032967033,0,0
SEQ937,MAAADGDDSLYPIAVLIDELRNEDVQLRLNSIKKLSTIALALGVERTRSELLPFLTDTIYDEDEVLLALAEQLGTFTTLVGGPEYVHCLLPPLESLATVEETVVRDKAVESLRAISHEHSPSDLEAHFVPLVKRLAGGDWFTSRTSACGLFSVCYPRVSSAVKAELRQYFRNLCSDDTPMVRRAAASKLGEFAKVLELDNVKSEIIPMFSNLASDEQDSVRLLAVEACVNIAQLLPQEDLEALVMPTLRQAAEDKSWRVRYMVADKFTELHKAVGPEITKTDLVPAFQNLMKDCEAEVRAAASHKVKEFCENLSADCRENVIMTQILPCIKELVSDANQHVKSALASVIMGLSPLIGKDSTIEHLLPLFLAQLKDECPEVRLNIISNLDCVNEVIGIRQLSQSLLPAIVELAEDAKWRVRLAIIEYMPLLAGQLGVEFFDEKLNSLCMAWLVDHVYAIREAATSNLKKLVEKFGKEWAHATIIPKVLAMSGDPNYLHRMTTLFCINVLSEVCGQDITTKHMLPTVLRMAGDPVANVRFNVAKSLQKIGPILDNSTLQSEVKPVLEKLTQDQDVDVKYFAQEALTVLSLA,589,65289.8313000001,5.0303344727,0.0560271647,0.0796264856,0.3344651952,0.1782682513,0.337860781,0.1205432937,0.1409168081,0.6349745331,0,0.0967741935,0.12,0.12,0.0237691002,0,0,0.0797962649,0.08,0.08,0.0611205433,0.1,0.1,0.0339558574,0.04,0.04,0.0305602716,0,0,0.0509337861,0.08,0.08,0.0203735144,0,0,0.0543293718,0.04,0.04,0.0237691002,0.02,0.02,0.1375212224,0.18,0.18,0.0339558574,0.04,0.04,0.0339558574,0.02,0.02,0.0441426146,0.02,0.02,0.0662139219,0.08,0.08,0.0458404075,0.08,0.08,0.0475382003,0.04,0.04,0.0084889643,0,0,0.0899830221,0.06,0.06,0.0169779287,0.02,0.02
SEQ351,MGEEYKKTHTLVFHTSEEHLNSSIALAKFITKHHSSISITIISTAPAESSEVAKIINNPSITYRGLTAVALPENLTSNINKNPVELFFEIPRLQNANLREALLDISRKSDIKALIIDFFCNAAFEVSTSMNIPTYFDVSGGAFLLCTFLHHPTLHQTVRGDIADLNDSVEMPGFPLIHSSDLPMSLFYRKTNVYKHFLDTSLNMRKSSGILVNTFVALEFRAKEALSNGLYGPTPPLYLLSHTIAEPHDTKVLVNQHECLSWLDLQPSKSVIFLCFGRRGAFSAQQLKEIAIGLEKSGCRFLWLARISPEMDLNALLPEGFLSRTKGVGFVTNTWVPQKEVLSHDAVGGFVTHCGWSSVLEALSFGVPMIGWPLYAEQRINRVFMVEEIKVALPLDEEDGFVTAMELEKRVRELMESVKGKEVKRRVAELKISTKAAVSKGGSSLASLEKFINSVTR,457,50856.0563000001,6.7434692383,0.0853391685,0.0056892779,0.3347921225,0.2407002188,0.2822757112,0.1356673961,0.1072210066,0.6455142232,0,0.0700218818,0.08,0.08,0.0131291028,0,0,0.0743982495,0.12,0.12,0.0328227571,0,0,0.0547045952,0.02,0.02,0.056892779,0.04,0.04,0.0634573304,0.12,0.12,0.0328227571,0.1,0.1,0.0590809628,0.08,0.08,0.0218818381,0.02,0.02,0.1159737418,0.06,0.06,0.04595186,0.02,0.02,0.0175054705,0,0,0.04595186,0.02,0.02,0.0940919037,0.18,0.18,0.0437636761,0,0,0.0590809628,0.12,0.12,0.010940919,0,0,0.0700218818,0.02,0.02,0.0175054705,0.02,0.02
SEQ202,MATPASAPDTRALVADFVGYKLRQKGYVCGAGPGEGPAADPLHQAMRAAGDEFETRFRRTFSDLAAQLHVTPGSAQQRFTQVSDELFQGGPNWGRLVAFFVFGAALCAESVNKEMEPLVGQVQEWMVAYLETQLADWIHSSGGWAEFTALYGDGALEEARRLREGNWASVRTVLTGAVALGALVTVGAFFASK,193,20746.1368,5.2119750977,0.1088082902,-0.0388601036,0.2849740933,0.2124352332,0.3316062176,0.0984455959,0.1088082902,0.6735751295,0,0.1554404145,0.22,0.22,0.0103626943,0.02,0.02,0.067357513,0.02,0.02,0.0414507772,0.08,0.08,0.1088082902,0.14,0.14,0.0621761658,0.02,0.02,0.0051813472,0,0,0.0155440415,0.02,0.02,0.0207253886,0.04,0.04,0.0207253886,0.04,0.04,0.0880829016,0.06,0.06,0.0155440415,0,0,0.0518134715,0.04,0.04,0.0414507772,0.1,0.1,0.0466321244,0.02,0.02,0.0621761658,0.06,0.06,0.0569948187,0.04,0.04,0.0259067358,0,0,0.0829015544,0.06,0.06,0.0207253886,0.04,0.04
SEQ608,MAEAHQAVAFQFTVTPDGIDLRLSHEALRQIYLSGLHSWKKKFIRFKNGIITGVYPASPSSWLIVVVGVMTTMYAKIDPSLGIIAKINRTLETANCMSSQTKNVVSGVLFGTGLWVALIVTMRYSLKVLLSYHGWMFTEHGKMSRATKIWMGMVKIFSGRKPMLYSFQTSLPRLPVPAVKDTVNRYLQSVRPLMKEEDFKRMTALAQDFAVGLGPRLQWYLKLKSWWATNYVSDWWEEYIYLRGRGPLMVNSNYYAMDLLYILPTHIQAARAGNAIHAILLYRRKLDREEIKPIRLLGSTIPLCSAQWERMFNTSRIPGEETDTIQHMRDSKHILVYHRGRYFKVWLYHDGRLLKPREMEQQMQRILDNTSEPQPGEARLAALTAGDRVPWARCRQAYFGRGKNKQSLDAVEKAAFFVTLDETEEGYRSEDPDTSMDSYAKSLLHGRCYDRWFDKSFTFVVFKNGKMGLNAEHSWADAPIVAHLWEYVMSIDSLQLGYAEDGHCKGDINPNIPYPTRLQWDIPGECQEVIETSLNTANLLANDVDFHSFPFVAFGKGIIKKCRTSPDAFVQLALQLAHYKDMGKFCITYEASMTRLFREGRTETVRSCTTESCDFVRAMVDPAQTVEQRLKLFKLASEKHQHMYRLAMTGSGIDRHLFCLYVVSKYLAVESPFLKEVLSEPWRLSTSQTPQQQVELFDLENNPEYVSSGGGFGPVADDGYGVSYILVGENLINFHISSKFSCPETDSHRFGRHLKEAMTDIITLFGLSSNSKK,773,88380.6438000005,8.8471069336,0.1125485123,-0.2608020699,0.3221216041,0.212160414,0.254851229,0.148771022,0.1047865459,0.6468305304,0,0.0672703752,0.1,0.1,0.0155239327,0,0,0.0556274256,0.04,0.04,0.0491591203,0.04,0.04,0.063389392,0.06,0.06,0.0465717982,0.08,0.08,0.0517464424,0.1,0.1,0.0297542044,0.06,0.06,0.0569210867,0.08,0.08,0.0349288486,0.02,0.02,0.0970245796,0.1,0.1,0.0310478655,0.02,0.02,0.0375161708,0.06,0.06,0.0439844761,0.02,0.02,0.0737386805,0.06,0.06,0.0620957309,0.06,0.06,0.0569210867,0.04,0.04,0.0232858991,0.02,0.02,0.0608020699,0.04,0.04,0.042690815,0.02,0.02
SEQ402,MGIQGLAKLIADVAPSAIRENDIKSYFGRKVAIDASMSIYQFLIAVRQGGDVLQNEEGETTSHLMGMFYRTIRMMENGIKPVYVFDGKPPQLKSGELAKRSERRAEAEKQLQQAQAAGAEQEVEKFTKRLVKVTKQHNDECKHLLSLMGIPYLDAPSEAEASCAALVKAGKVYAAATEDMDCLTFGSPVLMRHLTASEAKKLPIQEFHLSRILQELGLNQEQFVDLCILIGSDYCESIRGIGPKRAVDLIQKHKSIEEIVRRLDPNKYPVPENWLHKEAHQLFLEPEVLDPESVELKWSEPNEEELIKFMCGEKQFSEERIRSGVKRLSKSRQGSTQGRLDDFFKVTGSLSSAKRKEPEPKGSTKKKAKTGAAGKFKRGK,380,42592.4916000001,8.7962036133,0.0631578947,-0.525,0.2631578947,0.2078947368,0.3,0.1789473684,0.1421052632,0.6105263158,0,0.0815789474,0.14,0.14,0.0157894737,0,0,0.1,0.02,0.02,0.0421052632,0.08,0.08,0.0710526316,0.1,0.1,0.0368421053,0.04,0.04,0.0552631579,0.14,0.14,0.0210526316,0,0,0.1,0.06,0.06,0.0263157895,0.04,0.04,0.0921052632,0.06,0.06,0.0210526316,0.02,0.02,0.0526315789,0.06,0.06,0.0447368421,0.02,0.02,0.0710526316,0.08,0.08,0.0578947368,0.06,0.06,0.0315789474,0,0,0.0052631579,0,0,0.0526315789,0.06,0.06,0.0210526316,0.04,0.04
SEQ433,MIAFSLLCLAAVLRQSFGNVDFNSESTRRKKKQKEIVDLHNSLRRRVSPTASNMLKMEWYPEAASNAERWANTCSLNHSPDNLRVLEGIQCGESIYMSSNARTWTELIHLWHDEYKNFVYGVGANPPGSVTGHYTQIVWYQTYRAGCAVSYCPSSAWSYFYVCQYCPSGNFQGKTATPYKLGPPCGDCPSACDNGLCTNPCTIYNKLTNCDSLLKQGSCQDDWIKSNCPASCFCRNKII,239,26846.1594,8.4038696289,0.1129707113,-0.3907949791,0.2719665272,0.2887029289,0.1924686192,0.1171548117,0.0753138075,0.6108786611,0,0.0669456067,0.08,0.08,0.0711297071,0.02,0.02,0.0376569038,0.04,0.04,0.0376569038,0.04,0.04,0.0585774059,0.02,0.02,0.0292887029,0.06,0.06,0.0418410042,0.04,0.04,0.0209205021,0.02,0.02,0.050209205,0.08,0.08,0.0167364017,0.02,0.02,0.0711297071,0.12,0.12,0.0753138075,0.06,0.06,0.0376569038,0.04,0.04,0.0543933054,0.02,0.02,0.10041841,0.12,0.12,0.0460251046,0.12,0.12,0.0543933054,0.04,0.04,0.0292887029,0,0,0.0460251046,0.08,0.08,0.0543933054,0,0
SEQ821,MGKNKLLHPSLVLLLVLLLPTDASVSGKPQYMVLVPSLLHTETTEKGCVLLSYLNETVTVSASLESVRGNRSLFTDLEAENDVLHCVAFAVPKSSSNEEVMFLTVQVKGPTQEFKKRTTVMVKNEDSLVFVQTDKSIYKPGQTVKFRVVSMDENFHPLNELIPLVYIQDPKGNRIAQWQSFQLEGGLKQFSFPLSSEPFQGSYKVVVQKKSGGRTEHPFTVEEFVLPKFEVQVTVPKIITILEEEMNVSVCGLYTYGKPVPGHVTVSICRKYSDASDCHGEDSQAFCEKFSGQLNSHGCFYQQVKTKVFQLKRKEYEMKLHTEAQIQEEGTVVELTGRQSSEITRTITKLSFVKVDSHFRQGIPFFGQVRLVDGKGVPIPNKVIFIRGNEANYYSNATTDEHGLVQFSINTTNVMGTSLTVRVNYKDRSPCYGYQWVSEEHEEAHHTAYLVFSPSKSFVHLEPMSHELPCGHTQTVQAHYILNGGTLLGLKKLSFYYIIMAKGGIVRTGTHGLLVKQEDMKGHFSISIPVKSDIAPVARLLIYAVLPTGDVIGDSAKYDVENCLANKVDLSFSPSQSLPASHAHLRVTAAPQSVCALRAVDQSVLLMKPDAELSASSVYNLLPEKDLTGFPGPLNDQDNEDCINRHNVYINGITYTPVSSTNEKDMYSFLEDMGLKAFTNSKIRKPKMCPQLQQYEMHGPEGLRVGFYESDVMGRGHARLVHVEEPHTETVRKYFPETWIWDLVVVNSAGVAEVGVTVPDTITEWKAGAFCLSEDAGLGISSTASLRAFQPFFVELTMPYSVIRGEAFTLKATVLNYLPKCIRVSVQLEASPAFLAVPVEKEQAPHCICANGRQTVSWAVTPKSLGNVNFTVSAEALESQELCGTEVPSVPEHGRKDTVIKPLLVEPEGLEKETTFNSLLCPSGGEVSEELSLKLPPNVVEESARASVSVLGDILGSAMQNTQNLLQMPYGCGEQNMVLFAPNIYVLDYLNETQQLTPEIKSKAIGYLNTGYQRQLNYKHYDGSYSTFGERYGRNQGNTWLTAFVLKTFAQARAYIFIDEAHITQALIWLSQRQKDNGCFRSSGSLLNNAIKGGVEDEVTLSAYITIALLEIPLTVTHPVVRNALFCLESAWKTAQEGDHGSHVYTKALLAYAFALAGNQDKRKEVLKSLNEEAVKKDNSVHWERPQKPKAPVGHFYEPQAPSAEVEMTSYVLLAYLTAQPAPTSEDLTSATNIVKWITKQQNAQGGFSSTQDTVVALHALSKYGAATFTRTGKAAQVTIQSSGTFSSKFQVDNNNRLLLQQVSLPELPGEYSMKVTGEGCVYLQTSLKYNILPEKEEFPFALGVQTLPQTCDEPKAHTSFQISLSVSYTGSRSASNMAIVDVKMVSGFIPLKPTVKMLERSNHVSRTEVSSNHVLIYLDKVSNQTLSLFFTVLQDVPVRDLKPAIVKVYDYYETDEFAIAEYNAPCSKDLGNA,1474,163289.032,6.0276489258,0.0875169607,-0.1945725916,0.3175033921,0.2415196744,0.2476255088,0.118724559,0.1065128901,0.6329715061,0,0.0630936228,0.02,0.02,0.0169606513,0.02,0.02,0.0705563094,0.04,0.04,0.0359565807,0.02,0.02,0.0617367707,0.06,0.06,0.0420624152,0,0,0.039348711,0,0,0.0271370421,0.04,0.04,0.0603799186,0.08,0.08,0.0176390773,0.04,0.04,0.0963364993,0.28,0.28,0.0434192673,0.02,0.02,0.0495251018,0.02,0.02,0.052917232,0.08,0.08,0.0834464043,0.08,0.08,0.0312075984,0,0,0.0685210312,0.08,0.08,0.0074626866,0,0,0.0943012212,0.12,0.12,0.0379918589,0.02,0.02
SEQ322,MAQLPPKIPTMTTPNWPDFSSQKLPSIAATAAAAATAGPQQQNPSWMDEFIDFSATRRGTHRRSISDSIAFLEPPSSGVGNHHFDRFDDEQFMSMFNDDVHNNNHNHHHHHSINGNVGPTRSSSNTSTPSDHNSLSDDDNNKEAPPSDHDHHMDNNVANQNNAAGNNYNESDEVQSQCKTEPQDGPSANQNSGGSSGNRIHDPKRVKRILANRQSAQRSRVRKLQYISELERSVTSLQTEVSVLSPRVAFLDHQRLLLNVDNSAIKQRIAALAQDKIFKDAHQEALKREIERLRQVYHQQSLKKMENNVSDQSPADIKPSVEKEQLLNV,329,36804.7825,6.3018188477,0.0455927052,-1.0051671733,0.1945288754,0.3039513678,0.2066869301,0.1610942249,0.1246200608,0.4711246201,0,0.0790273556,0.18,0.18,0.0030395137,0,0,0.0486322188,0.02,0.02,0.0759878419,0.04,0.04,0.0334346505,0.02,0.02,0.0303951368,0.04,0.04,0.0425531915,0.06,0.06,0.0547112462,0,0,0.0455927052,0.04,0.04,0.0212765957,0.06,0.06,0.0577507599,0.04,0.04,0.094224924,0.04,0.04,0.0729483283,0.1,0.1,0.0607902736,0.16,0.16,0.1155015198,0.08,0.08,0.0607902736,0,0,0.0395136778,0.1,0.1,0.0060790274,0.04,0.04,0.0486322188,0,0,0.009118541,0,0
SEQ982,MGKRKKSTRKPTKRLVQKLDTKFNCLFCNHEKSVSCTLDKKNSIGTISCKICGQSFQTRINSLSQPVDVYSDWFDAVEEVNSGRGSDTDDGDEGSDSDYESDSEQDAKTQNDGEIDSDEEEVDSDEERIGQVKRGRGALVDSDDE,145,16157.2007,4.5132446289,0.0482758621,-1.1510344828,0.1931034483,0.2551724138,0.1586206897,0.1517241379,0.2344827586,0.4827586207,1,0.0206896552,0,0,0.0344827586,0.08,0.08,0.0896551724,0.02,0.02,0.1448275862,0.04,0.04,0.075862069,0.04,0.04,0.0275862069,0.04,0.04,0.0413793103,0.06,0.06,0.0068965517,0.02,0.02,0.0896551724,0.22,0.22,0.0068965517,0.02,0.02,0.0413793103,0.08,0.08,0.0413793103,0.06,0.06,0.0482758621,0.02,0.02,0.0137931034,0.02,0.02,0.124137931,0.1,0.1,0.0551724138,0.06,0.06,0.0551724138,0.1,0.1,0.0068965517,0,0,0.0620689655,0.04,0.04,0.0137931034,0,0
SEQ951,MADLPQKVSNLSINNKENGGGGGKSSYVPPHLRSRGKPSFERSTPKQEDKVTGGDFFRRAGRQTGNNGGFFGFSKERNGGTSANYNRGGSSNYKSSGNRWVNGKHIPGPKNAKLEAELFGVHDDPDYHSSGIKFDNYDNIPVDASGKDVPEPILDFSSPPLDELLMENIKLASFTKPTPVQKYSIPIVTKGRDLMACAQTGSGKTGGFLFPLFTELFRSGPSPVPEKAQSFYSRKGYPSALVIAPTRELATQIFEEARKFTYRSWVRPCVVYGGAPIGNQMREVDRGCDLLVATPGRLNDLLERGKVSLANIKYLVLDEADRMLDMGFEPQIRHIVEECDMPSVENRQTLMFSATFPVDIQHLARDFLDNYIFLSVGRVGSTSENITQRILYVDDMDKKSALLDLLSAEHKGLTLIFVETKRMADQLTDFLIMQNFKATAIHGDRTQAERERALSAFKANVADIVLATAVAARGLDIPNVTHVINYDLPSDIDDYVHRIGRTGRAGNTGVATSFFNSNNQNIVKGLMEILNEANQEVPTFLSDLSRQNSRGGRTRGGGGFFNSRNNGSRDYRKHGGNGSFGSTRPRNTGTSNWGSIGGGFRNDNEKNGYGNSNASWW,617,67916.2049000003,8.958190918,0.0891410049,-0.5594813614,0.265802269,0.3111831442,0.2042139384,0.1410048622,0.1118314425,0.5818476499,0,0.0615883306,0.02,0.02,0.0064829822,0,0,0.0486223663,0.06,0.06,0.0632090762,0.04,0.04,0.1053484603,0.12,0.12,0.0534846029,0.02,0.02,0.0470016207,0.02,0.02,0.017828201,0.02,0.02,0.0518638574,0.12,0.12,0.0194489465,0.02,0.02,0.074554295,0.06,0.06,0.0729335494,0.08,0.08,0.0291734198,0.04,0.04,0.0518638574,0.1,0.1,0.0810372771,0.14,0.14,0.0713128039,0.06,0.06,0.0534846029,0.02,0.02,0.0081037277,0,0,0.0551053485,0.06,0.06,0.0275526742,0.02,0.02
SEQ173,MTTDEGAKNSRGNPAATVAEQGEDVTSKKDRGVLKIVKRVGHGEETPMIGDRVYVHYNGKLANGKKFDSSHDRNEPFVFSIGKGQVIKAWDIGVATMKKGEICHLLCKPEYAYGATGSLPKIPSNATLFFEVELLDFKGEDLLEDGGIIRRTKRRGEGYSNPNEGARVQIHLEGRCGGRVFDCRDVAFTVGEGEDHDIPIGIDKALEKMQREEQCILHLGPRYGFGEAGKPKFGIEPNAEIIYEVTLKSFEKAKESWEMDTKEKLEQAAIVKEKGTVYFKGGKYVQAVIQYGKIVSWLEMEYGLSEKESKASESFLLAAFLNLAMCYLKLREYTKAVECCDKALGLDSANEKGLYRRGEAQLLMNEFESAKGDFEKVLEVNPQNKAARLQIFMCQKKAKEHNERDRRTYANMFKKFAEQDAKEEANKAMSKKTSEGVTNEKLTASHAVEEEKPEGHV,457,51168.5682,6.4320678711,0.0809628009,-0.6374179431,0.2560175055,0.2056892779,0.295404814,0.1794310722,0.1641137856,0.647702407,0,0.0831509847,0.08,0.08,0.0196936543,0,0,0.1181619256,0.1,0.1,0.04595186,0.08,0.08,0.0940919037,0.14,0.14,0.0415754923,0,0,0.04595186,0.04,0.04,0.0218818381,0.02,0.02,0.1094091904,0.1,0.1,0.0240700219,0.04,0.04,0.0700218818,0.02,0.02,0.0393873085,0.04,0.04,0.0284463895,0.02,0.02,0.0284463895,0.04,0.04,0.0437636761,0.04,0.04,0.0481400438,0.06,0.06,0.0393873085,0.1,0.1,0.0065645514,0,0,0.0590809628,0.1,0.1,0.0328227571,0,0
SEQ862,MNTDQQPYQGQTDYTQGPGNGQSQEQDYDQYGQPLYPSQADGYYDPNVAAGTEADMYGQQPPNESYDQDYTNGEYYGQPPNMAAQDGENFSDFSSYGPPGTPGYDSYGGQYTASQMSYGEPNSSGTSTPIYGNYDPNAIAMALPNEPYPAWTADSQSPVSIEQIEDIFIDLTNRLGFQRDSMRNMFDHFMVLLDSRSSRMSPDQALLSLHADYIGGDTANYKKWYFAAQLDMDDEIGFRNMSLGKLSRKARKAKKKNKKAMEEANPEDTEETLNKIEGDNSLEAADFRWKAKMNQLSPLERVRHIALYLLCWGEANQVRFTAECLCFIYKCALDYLDSPLCQQRQEPMPEGDFLNRVITPIYHFIRNQVYEIVDGRFVKRERDHNKIVGYDDLNQLFWYPEGIAKIVLEDGTKLIELPLEERYLRLGDVVWDDVFFKTYKETRTWLHLVTNFNRIWVMHISIFWMYFAYNSPTFYTHNYQQLVDNQPLAAYKWASCALGGTVASLIQIVATLCEWSFVPRKWAGAQHLSRRFWFLCIIFGINLGPIIFVFAYDKDTVYSTAAHVVAAVMFFVAVATIIFFSIMPLGGLFTSYMKKSTRRYVASQTFTAAFAPLHGLDRWMSYLVWVTVFAAKYSESYYFLVLSLRDPIRILSTTAMRCTGEYWWGAVLCKVQPKIVLGLVIATDFILFFLDTYLWYIIVNTIFSVGKSFYLGISILTPWRNIFTRLPKRIYSKILATTDMEIKYKPKVLISQVWNAIIISMYREHLLAIDHVQKLLYHQVPSEIEGKRTLRAPTFFVSQDDNNFETEFFPRDSEAERRISFFAQSLSTPIPEPLPVDNMPTFTVLTPHYAERILLSLREIIREDDQFSRVTLLEYLKQLHPVEWECFVKDTKILAEETAAYEGNENEAEKEDALKSQIDDLPFYCIGFKSAAPEYTLRTRIWASVRSQTLYRTISGFMNYSRAIKLLYRVENPEIVQMFGGNAEGLERELEKMARRKFKFLVSMQRLAKFKPHELENAEFLLRAYPDLQIAYLDEEPPLTEGEEPRIYSALIDGHCEILDNGRRRPKFRVQLSGNPILGDGKSDNQNHALIFYRGEYIQLIDANQDNYLEECLKIRSVLAEFEELNVEQVNPYAPGLRYEEQTTNHPVAIVGAREYIFSENSGVLGDVAAGKEQTFGTLFARTLSQIGGKLHYGHPDFINATFMTTRGGVSKAQKGLHLNEDIYAGMNAMLRGGRIKHCEYYQCGKGRDLGFGTILNFTTKIGAGMGEQMLSREYYYLGTQLPVDRFLTFYYAHPGFHLNNLFLQLSLQMFMLTLVNLSSLAHESIMCIYDRNKPKTDVLVPIGCYNFQPAVDWVRRYTLSIFIVFWIAFVPIVVQELIERGLWKATQRFFCHLLSLSPMFEVFAGQIYSSALLSDLAIGGARYISTGRGFATSRIPFSILYSRFAGSAIYMGARSMLMLLFGTVAHWQAPLLWFWASLSSLIFAPFVFNPHQFAWEDFFLDYRDYIRWLSRGNNQYHRNSWIGYVRMSRARITGFKRKLVGDESEKAAGDASRAHRTNLIMAEIIPCAIYAAGCFIAFTFINAQTGVKTTDDDRVNSVLRIIICTLAPIAVNLGVLFFCMGMSCCSGPLFGMCCKKTGSVMAGIAHGVAVIVHIAFFIVMWVLESFNFVRMLIGVVTCIQCQRLIFHCMTALMLTREFKNDHANTAFWTGKWYGKGMGYMAWTQPSRELTAKVIELSEFAADFVLGHVILICQLPLIIIPKIDKFHSIMLFWLKPSRQIRPPIYSLKQTRLRKRMVKKYCSLYFLVLAIFAGCIIGPAVASAKIHKHIGDSLDGVVHNLFQPINTTNNDTGSQMSTYQSHYYTHTPSLKTWSTIK,1876,214834.3854,6.8403930664,0.1337953092,-0.108901919,0.3502132196,0.210554371,0.249466951,0.1210021322,0.1007462687,0.6545842217,0,0.0735607676,0.06,0.06,0.0175906183,0,0,0.0533049041,0.02,0.02,0.0474413646,0.12,0.12,0.0628997868,0.14,0.14,0.0613006397,0,0,0.0708955224,0,0,0.0229211087,0,0,0.0437100213,0,0,0.0293176972,0.02,0.02,0.0932835821,0.02,0.02,0.0410447761,0.06,0.06,0.0426439232,0.22,0.22,0.0458422175,0.1,0.1,0.0607675906,0.04,0.04,0.0543710021,0,0,0.0543710021,0.06,0.06,0.0197228145,0,0,0.052238806,0.02,0.02,0.052771855,0.14,0.14
SEQ224,MEGEELIYHNIINEILVGYIKYYINDISEHELSPYQQQIKKILTYYDECLNKQVTITFSLTSVQEIKTQFTGVVTELFKDLINWGRICGFIVFSAKMAKYCKDANNHLESTVITTAYNFMKHNLLPWMISHGGQEEFLAFSLHSDMYSVIFNIKYFLSKFCNHMFFRSCVQLLRNCNLI,179,21075.2035,6.3662719727,0.1452513966,0.0296089385,0.3966480447,0.1899441341,0.2234636872,0.1229050279,0.094972067,0.6927374302,0,0.0279329609,0,0,0.0335195531,0.02,0.02,0.0670391061,0.14,0.14,0.0279329609,0.04,0.04,0.0391061453,0.04,0.04,0.0726256983,0,0,0.1061452514,0.18,0.18,0.0391061453,0.04,0.04,0.0670391061,0.06,0.06,0.0335195531,0.02,0.02,0.094972067,0.1,0.1,0.0726256983,0.08,0.08,0.0446927374,0.06,0.06,0.0111731844,0.02,0.02,0.0670391061,0.04,0.04,0.0167597765,0,0,0.0558659218,0.02,0.02,0.0111731844,0,0,0.0502793296,0.02,0.02,0.061452514,0.14,0.14
